data,player,language,publishedAt
"adeyemi firmo el que es su primer gol en lo que va de bundesliga  con wirtz dejando su lesion definitivamente en el olvido y palacios y amiri creando juego en la medular, el bayerleverkusen llevo la iniciativa en el juego desde el inicio, haciendo latente lo bien trabajando que tiene el equipo el bueno de alonso, pero ni los mencionados ni sus companeros de equipo fueron capaces de superar a un kobel que supo mantener la porteria del dortmund a cero",palacios,es,2023-01-29T18:25:03Z
,palacios,es,2023-01-30T16:52:46Z
"el club aleman, que siempre se ha caracterizado por confiar en gente joven con sangre nueva y, por supuesto, en mediocampistas sudamericanos con sacrificio, fisico y bien dotados tecnicamente, como lo son el chileno charles aranguiz que actualmente se encuentra lesionado y su regreso se espera para mitad de febrero, y el argentino de anos palacios",palacios,es,2023-01-31T20:41:38Z
"alberto fernandez  el presidente de la afa, claudio \'chiqui\' tapia; el integrante del cuerpo tecnico (y mano derecha del dt lionel scaloni), pablo aimar; y los volantes leandro paredes y palacios, por caso, posaron con los obsequios que les realizo el propio titular de sigschool, quien tambien viajo hasta paris en la previa del mundial para entregarle en mano a lionel messi varios articulos de su produccion y, asi, cumplir uno de sus suenos",palacios,es,2023-02-09T18:32:38Z
"alberto fernandez  tambien participaron los otros campeones de la fiesta de reinauguracion del monumental: en la pantalla gigante aparecieron gonzalo montiel, guido rodriguez, german pezzella, julian alvarez (el mas ovacionado) y enzo fernandez; solo falto el saludo de palacios",palacios,es,2023-02-12T21:13:55Z
"fue el momento en que desde las tribunas se desplegaron banderas con las imagenes de lionel messi, julian alvarez, gonzalo montiel, enzo fernandez, german pezzella, palacios, guido rodriguez y armani, todos con la copa del mundo",palacios,es,2023-02-13T01:05:15Z
,palacios,es,2023-02-16T20:45:18Z
"por ultimo, palacios tambien tendra su momento con bayerleverkusen, que busca un triunfo frente a mainz",palacios,es,2023-02-19T01:15:14Z
"wirtz, a la derecha, celebra su gol, el primero del bayerleverkusen leverlusen en la vuelta ante el monaco  el bayerleverkusen queria estar en octavos y palacios volvio a poner por delante al conjunto de alonso en el ' con un disparo con la izquierda",palacios,es,2023-02-23T20:37:20Z
" los goles del bayerleverkusen los anotaron wirtz, palacios y adli",palacios,es,2023-02-23T20:55:47Z
" en tanto, palacios volvio al gol luego de seis meses, para marcar el - parcial para bayerleverkusen en la visita a monaco y mantener la posibilidad de la clasificacion",palacios,es,2023-02-23T23:30:42Z
" en cuanto a los clubes con futbolistas argentinos que disputaran la ronda de los mejores de la europaleague aparecen el bayerleverkusen de palacios; el sevilla del dt jorge sampaoli, con alejandro 'papu' gomez, marcos acuna, gonzalo montiel y erik lamela entre sus filas, que chocara ante fenerbahce de turquia; y la roma de paulo dybala, que se vera las caras con real sociedad en uno de los cruces mas atractivos",palacios,es,2023-02-24T18:10:55Z
,palacios,es,2023-02-26T17:11:43Z
"ademas de messi y angel di maria, maximos referentes, son los arqueros emiliano 'dibu' martinez, geronimo rulli y franco armani; los defensores nahuel molina, gonzalo montiel, german pezzella, nicolas otamendi, cristian 'cuti' romero, lisandro martinez, juan foyth, nicolas tagliafico y marcos acuna; los volantes rodrigo de paul, leandro paredes, enzo fernandez, guido rodriguez, alexis mac allister, palacios, alejandro 'papu' gomez y thiago almada; y los delanteros lautaro martinez, angel correa, paulo dybala y julian alvarez",palacios,es,2023-02-27T17:57:53Z
"ademas de messi y angel di maria, maximos referentes, los campeones son los arqueros emiliano 'dibu' martinez, geronimo rulli y franco armani; los defensores nahuel molina, gonzalo montiel, german pezzella, nicolas otamendi, cristian 'cuti' romero, lisandro martinez, juan foyth, nicolas tagliafico y marcos acuna; los volantes rodrigo de paul, leandro paredes, enzo fernandez, guido rodriguez, alexis mac allister, palacios, alejandro 'papu' gomez y thiago almada; y los delanteros lautaro martinez, angel correa, paulo dybala y julian alvarez",palacios,es,2023-02-27T21:15:17Z
"villa), juan foyth (villarreal), gonzalo montiel (sevilla) nehuen perez (udinese), german pezzella (betis), christian romero (tottenham), nicolas otamendi (benfica), marcos acuna (sevilla), lautaro blanco (elche), leandro paredes (juventus), guido rodriguez (betis), enzo fernandez (chelsea), maximo perrone (city), palacios (bayerleverkusen lev.), rodrigo de paul (at",palacios,es,2023-03-03T14:22:01Z
"(ap photo/frank augstein)  - centrocampistas: rodrigo de paul (atletico de madrid, esp), leandro paredes (juventus, ita), guido rodriguez (betis, esp), alejandro \'papu\' gomez (sevilla, esp), alexis mac allister (brighton, gbr), palacios (bayerleverkusen, ger), enzo fernandez (chelsea, gbr), maximo perrone (manchester city, gbr), facundo buonanotte (brighton, gbr), giovani lo celso (villarreal, esp), thiago almada (atlanta united, usa), valentin carboni (inter milan, ita)",palacios,es,2023-03-03T15:08:24Z
"anuncio el viernes la nomina de convocados para los proximos  perrone (manchester city, inglaterra), palacios  (bayerleverkusen, alemania), rodrigo de paul (atletico de madrid), ",palacios,es,2023-03-03T15:11:05Z
":  mediocampistas: rodrigo de paul (atletico madrid, esp), leandro paredes (juventus, ita), guido rodriguez (real betis, esp), alejandro gomez (sevilla, esp), alexis mac allister (brighton, ing), palacios (bayerleverkusen, ale), enzo fernandez (chelsea, ing), maximo perrone (manchester city, ing), facundo buonanotte (brighton, ing), giovani lo celso (villarreal, esp), thiago almada (atlanta united, usa), valentin carboni (inter, ita)",palacios,es,2023-03-03T15:17:00Z
" leandro paredes (juventus, italia), guido rodriguez (betis, espana), enzo fernandez (chelsea, inglaterra), maximiliano perrone (manchester city, inglaterra), palacios (bayerleverkusen, alemania), rodrigo de paul (atletico de madrid, espana), facundo buonanotte (brighton, inglaterra), thiago almada (atlanta united, eeuu), giovani lo celso (villarreal, espana), alexis mac allister (brighton, inglaterra), angel di maria (juventus, italia), angel correa (atletico de madrid, espana), emiliano buendia (aston villa, inglaterra) y valentin carboni (inter, italia)",palacios,es,2023-03-03T16:21:01Z
"panama y curazao con, como era previsible, los futbolistas campeones en qatar : los arqueros franco armani, geronimo rulli y emiliano ""dibu"" martinez; los defensores juan foyth, gonzalo montiel, nahuel molina, nicolas otamendi, cristian ""cuti"" romero, german pezzella, nicolas tagliafico, lisandro martinez, marcos acuna; los mediocampistas leandro paredes, guido rodriguez, enzo fernandez, palacios, rodrigo de paul, thiago almada y alexis mac allister; y los delanteros lionel messi, angel di maria, lautaro martinez, julian alvarez, angel correa, paulo dybala y alejandro ""papu"" gomez",palacios,es,2023-03-08T15:28:06Z
"panama y curazao con, como era previsible, los futbolistas campeones en qatar : los arqueros franco armani, geronimo rulli y emiliano 'dibu' martinez; los defensores juan foyth, gonzalo montiel, nahuel molina, nicolas otamendi, cristian 'cuti' romero, german pezzella, nicolas tagliafico, lisandro martinez, marcos acuna; los mediocampistas leandro paredes, guido rodriguez, enzo fernandez, palacios, rodrigo de paul, thiago almada y alexis mac allister; y los delanteros lionel messi, angel di maria, lautaro martinez, julian alvarez, angel correa, paulo dybala y alejandro 'papu' gomez",palacios,es,2023-03-11T17:05:53Z
"panama y curazao con, como era previsible, los futbolistas campeones en qatar : los arqueros franco armani, geronimo rulli y emiliano 'dibu' martinez; los defensores juan foyth, gonzalo montiel, nahuel molina, nicolas otamendi, cristian 'cuti' romero, german pezzella, nicolas tagliafico, lisandro martinez, marcos acuna; los mediocampistas leandro paredes, guido rodriguez, enzo fernandez, palacios, rodrigo de paul, thiago almada y alexis mac allister; y los delanteros lionel messi, angel di maria, lautaro martinez, julian alvarez, angel correa, paulo dybala y alejandro 'papu' gomez",palacios,es,2023-03-11T18:27:57Z
"en tanto, palacios vestira la camiseta de bayerleverkusen en la bundesliga alemana, en visita a werder bremen",palacios,es,2023-03-12T05:49:15Z
"estos fueron los primeros en ponerse en ventaja a raiz de una desatencion de los dirigidos por\xaxabi alonso.\xala pelota habia quedado dividida en la cancha del bayerleverkusen, sin embargo,\xaexequiel palacios\xapifio al momento de rechazar un balon",palacios,es,2023-03-12T18:51:09Z
"panama y curazao con, como era previsible, los futbolistas campeones en qatar : los arqueros franco armani, geronimo rulli y emiliano 'dibu' martinez; los defensores juan foyth, gonzalo montiel, nahuel molina, nicolas otamendi, cristian 'cuti' romero, german pezzella, nicolas tagliafico, lisandro martinez, marcos acuna; los mediocampistas leandro paredes, guido rodriguez, enzo fernandez, palacios, rodrigo de paul, thiago almada y alexis mac allister; y los delanteros lionel messi, angel di maria, lautaro martinez, julian alvarez, angel correa, paulo dybala y alejandro 'papu' gomez",palacios,es,2023-03-13T14:04:44Z
"panama y curazao con, como era previsible, los futbolistas campeones en qatar : los arqueros franco armani, geronimo rulli y emiliano 'dibu' martinez; los defensores juan foyth, gonzalo montiel, nahuel molina, nicolas otamendi, cristian 'cuti' romero, german pezzella, nicolas tagliafico, lisandro martinez, marcos acuna; los mediocampistas leandro paredes, guido rodriguez, enzo fernandez, palacios, rodrigo de paul, thiago almada y alexis mac allister; y los delanteros lionel messi, angel di maria, lautaro martinez, julian alvarez, angel correa, paulo dybala y alejandro 'papu' gomez",palacios,es,2023-03-13T16:18:52Z
"panama y curazao con, como era previsible, los futbolistas campeones en qatar : los arqueros franco armani, geronimo rulli y emiliano 'dibu' martinez; los defensores juan foyth, gonzalo montiel, nahuel molina, nicolas otamendi, cristian 'cuti' romero, german pezzella, nicolas tagliafico, lisandro martinez, marcos acuna; los mediocampistas leandro paredes, guido rodriguez, enzo fernandez, palacios, rodrigo de paul, thiago almada y alexis mac allister; y los delanteros lionel messi, angel di maria, lautaro martinez, julian alvarez, angel correa, paulo dybala y alejandro 'papu' gomez",palacios,es,2023-03-13T19:21:15Z
"panama y curazao con, como era previsible, los futbolistas campeones en qatar : los arqueros franco armani, geronimo rulli y emiliano 'dibu' martinez; los defensores juan foyth, gonzalo montiel, nahuel molina, nicolas otamendi, cristian 'cuti' romero, german pezzella, nicolas tagliafico, lisandro martinez, marcos acuna; los mediocampistas leandro paredes, guido rodriguez, enzo fernandez, palacios, rodrigo de paul, thiago almada y alexis mac allister; y los delanteros lionel messi, angel di maria, lautaro martinez, julian alvarez, angel correa, paulo dybala y alejandro 'papu' gomez",palacios,es,2023-03-14T14:33:36Z
"panama y curazao con, como era previsible, los futbolistas campeones en qatar : los arqueros franco armani, geronimo rulli y emiliano 'dibu' martinez; los defensores juan foyth, gonzalo montiel, nahuel molina, nicolas otamendi, cristian 'cuti' romero, german pezzella, nicolas tagliafico, lisandro martinez, marcos acuna; los mediocampistas leandro paredes, guido rodriguez, enzo fernandez, palacios, rodrigo de paul, thiago almada y alexis mac allister; y los delanteros lionel messi, angel di maria, lautaro martinez, julian alvarez, angel correa, paulo dybala y alejandro 'papu' gomez",palacios,es,2023-03-14T17:04:54Z
"panama y curazao con, como era previsible, los futbolistas campeones en qatar : los arqueros franco armani, geronimo rulli y emiliano 'dibu' martinez; los defensores juan foyth, gonzalo montiel, nahuel molina, nicolas otamendi, cristian 'cuti' romero, german pezzella, nicolas tagliafico, lisandro martinez, marcos acuna; los mediocampistas leandro paredes, guido rodriguez, enzo fernandez, palacios, rodrigo de paul, thiago almada y alexis mac allister; y los delanteros lionel messi, angel di maria, lautaro martinez, julian alvarez, angel correa, paulo dybala y alejandro 'papu' gomez",palacios,es,2023-03-14T18:17:28Z
"panama y curazao con, como era previsible, los futbolistas campeones en qatar : los arqueros franco armani, geronimo rulli y emiliano 'dibu' martinez; los defensores juan foyth, gonzalo montiel, nahuel molina, nicolas otamendi, cristian 'cuti' romero, german pezzella, nicolas tagliafico, lisandro martinez, marcos acuna; los mediocampistas leandro paredes, guido rodriguez, enzo fernandez, palacios, rodrigo de paul, thiago almada y alexis mac allister; y los delanteros lionel messi, angel di maria, lautaro martinez, julian alvarez, angel correa, paulo dybala y alejandro 'papu' gomez",palacios,es,2023-03-15T14:24:01Z
"panama y curazao con, como era previsible, los futbolistas campeones en qatar : los arqueros franco armani, geronimo rulli y emiliano 'dibu' martinez; los defensores juan foyth, gonzalo montiel, nahuel molina, nicolas otamendi, cristian 'cuti' romero, german pezzella, nicolas tagliafico, lisandro martinez, marcos acuna; los mediocampistas leandro paredes, guido rodriguez, enzo fernandez, palacios, rodrigo de paul, thiago almada y alexis mac allister; y los delanteros lionel messi, angel di maria, lautaro martinez, julian alvarez, angel correa, paulo dybala y alejandro 'papu' gomez",palacios,es,2023-03-15T16:40:57Z
"panama y curazao con, como era previsible, los futbolistas campeones en qatar : los arqueros franco armani, geronimo rulli y emiliano 'dibu' martinez; los defensores juan foyth, gonzalo montiel, nahuel molina, nicolas otamendi, cristian 'cuti' romero, german pezzella, nicolas tagliafico, lisandro martinez, marcos acuna; los mediocampistas leandro paredes, guido rodriguez, enzo fernandez, palacios, rodrigo de paul, thiago almada y alexis mac allister; y los delanteros lionel messi, angel di maria, lautaro martinez, julian alvarez, angel correa, paulo dybala y alejandro 'papu' gomez",palacios,es,2023-03-16T12:59:48Z
"panama y curazao con, como era previsible, los futbolistas campeones en qatar : los arqueros franco armani, geronimo rulli y emiliano 'dibu' martinez; los defensores juan foyth, gonzalo montiel, nahuel molina, nicolas otamendi, cristian 'cuti' romero, german pezzella, nicolas tagliafico, lisandro martinez, marcos acuna; los mediocampistas leandro paredes, guido rodriguez, enzo fernandez, palacios, rodrigo de paul, thiago almada y alexis mac allister; y los delanteros lionel messi, angel di maria, lautaro martinez, julian alvarez, angel correa, paulo dybala y alejandro 'papu' gomez",palacios,es,2023-03-16T13:35:34Z
"panama y curazao con, como era previsible, los futbolistas campeones en qatar : los arqueros franco armani, geronimo rulli y emiliano 'dibu' martinez; los defensores juan foyth, gonzalo montiel, nahuel molina, nicolas otamendi, cristian 'cuti' romero, german pezzella, nicolas tagliafico, lisandro martinez, marcos acuna; los mediocampistas leandro paredes, guido rodriguez, enzo fernandez, palacios, rodrigo de paul, thiago almada y alexis mac allister; y los delanteros lionel messi, angel di maria, lautaro martinez, julian alvarez, angel correa, paulo dybala y alejandro 'papu' gomez (no llegara, sevilla no lo autorizo, por estar lesionado)",palacios,es,2023-03-17T13:32:15Z
"panama y curazao con, como era previsible, los futbolistas campeones en qatar : los arqueros franco armani, geronimo rulli y emiliano 'dibu' martinez; los defensores juan foyth, gonzalo montiel, nahuel molina, nicolas otamendi, cristian 'cuti' romero, german pezzella, nicolas tagliafico, lisandro martinez, marcos acuna; los mediocampistas leandro paredes, guido rodriguez, enzo fernandez, palacios, rodrigo de paul, thiago almada y alexis mac allister; y los delanteros lionel messi, angel di maria, lautaro martinez, julian alvarez, angel correa, paulo dybala y alejandro 'papu' gomez",palacios,es,2023-03-17T14:38:00Z
"alberto fernandez  mediocampistas: rodrigo de paul (atletico de madrid), leandro paredes (juventus), alexis mac allister (brighton), guido rodriguez (betis), palacios (bayerleverkusen), thiago almada (atlanta united), maximo perrone (manchester city), facundo buonanotte (brighton), giovani lo celso (villarreal), emiliano buendia (aston villa), valentin carboni (inter) y enzo fernandez",palacios,es,2023-03-19T14:52:49Z
"adli, en pugna con sommer efe/epa/ronald wittek  palacios fue el encargado de transformar ambas penas maximas y no fallo",palacios,es,2023-03-19T18:14:06Z
palacios celebra su segundo gol ante el bayern (photo by dean mouhtaropoulos/getty images)  imma mentruit  el borussia dortmund acaba como lider la jornada de la bundesliga gracias a la victoria del bayerleverkusen de alonso contra el bayern,palacios,es,2023-03-19T18:29:52Z
"a pesar de la ventaja, los visitantes no mostraron una superioridad absoluta sobre sus rivales.en el segundo tiempo la remontada del bayerleverkusen la\xaabandero el argentino palacios, reciente campeon del mundo con su pais en el mundial qatar .los dos tantos de palacios llegaron desde el punto penal",palacios,es,2023-03-19T19:04:34Z
" concediendo dos penales por faltas de benjamin pavard (minuto ) y dayot upamecano (), transformados por el argentino palacios, el bayern concedio su tercera derrota de la temporada tras caer en augsburgo a mediados de septiembre (-) y en monchengladbach (-) en febrero",palacios,es,2023-03-19T19:10:46Z
" concediendo dos penales por faltas de benjamin pavard (minuto ) y dayot upamecano (), transformados por palacios, el bayern concedio su tercera derrota de la temporada tras caer en augsburgo a mediados de septiembre (-) y en monchengladbach (-) en febrero",palacios,es,2023-03-19T19:40:48Z
 palacios marco este domingo dos goles ante bayern munich en alemania,palacios,es,2023-03-19T20:19:09Z
el argentino palacios facturo ambos penas maximas para una victoria que dejo al borussia dortmund en lo mas alto de la bundesliga,palacios,es,2023-03-19T21:50:51Z
"en alemania, el tambien campeon del mundo palacios castigo al bayern munich con dos tantos de penal para asegurar el triunfo del bayerleverkusen (-)",palacios,es,2023-03-19T22:50:56Z
 - palacios castiga al bayern munich -  bayerleverkusen vino desde atras para vencer al bayern munich (-) y dar la sorpresa de la jornada en la bundesliga,palacios,es,2023-03-19T23:20:43Z
"panama y curazao con, como era previsible, los futbolistas campeones en qatar : los arqueros franco armani, geronimo rulli y emiliano 'dibu' martinez; los defensores juan foyth, gonzalo montiel, nahuel molina, nicolas otamendi, cristian 'cuti' romero, german pezzella, nicolas tagliafico, lisandro martinez, marcos acuna; los mediocampistas leandro paredes, guido rodriguez, enzo fernandez, palacios, rodrigo de paul, thiago almada y alexis mac allister; y los delanteros lionel messi, angel di maria, lautaro martinez, julian alvarez, angel correa, paulo dybala y alejandro 'papu' gomez, quien se ausentara porque se esta recuperando de una lesion en uno de sus tobillos que sufrio en la copa del mundo y sevilla no lo autorizo a viajar",palacios,es,2023-03-20T12:33:21Z
"palacios habla con alonso  mourinho luis artus  mientras el real madrid se dejaba media liga en el camp nou tras la derrota ante el barca (-) y ponia en entredicho de nuevo la continuidad de carlo ancelotti al frente del equipo la temporada que viene (la champions dictara sentencia posiblemente), uno de los candidatos que ha sonado con fuerza para sustituirle, alonso, ponia patas arriba la bundesliga con la victoria de su equipo, el bayerleverkusen\xaante el bayern de munich (-), remontando palacios con doblete de penalti el tanto inicial de kimmich y sacando a los bavaros del liderato de la bundesliga en favor del borussia de dortmund",palacios,es,2023-03-20T14:16:34Z
"estan los arqueros franco armani, geronimo rulli y emiliano 'dibu' martinez; los defensores juan foyth, gonzalo montiel, nahuel molina, nicolas otamendi, cristian 'cuti' romero, german pezzella, nicolas tagliafico, lisandro martinez, marcos acuna; los mediocampistas leandro paredes, guido rodriguez, enzo fernandez, palacios, rodrigo de paul, thiago almada y alexis mac allister; y los delanteros lionel messi, angel di maria, lautaro martinez, julian alvarez, angel correa, paulo dybala y alejandro 'papu' gomez, que no estara porque esta lesionado y sevilla no lo autorizo a viajar",palacios,es,2023-03-20T15:52:10Z
"estan los arqueros franco armani, geronimo rulli y emiliano 'dibu' martinez; los defensores juan foyth, gonzalo montiel, nahuel molina, nicolas otamendi, cristian 'cuti' romero, german pezzella, nicolas tagliafico, lisandro martinez, marcos acuna; los mediocampistas leandro paredes, guido rodriguez, enzo fernandez, palacios, rodrigo de paul, thiago almada y alexis mac allister; y los delanteros messi, angel di maria, lautaro martinez, julian alvarez, angel correa y paulo dybala",palacios,es,2023-03-20T16:51:04Z
"estan los arqueros franco armani, geronimo rulli y emiliano 'dibu' martinez; los defensores juan foyth, gonzalo montiel, nahuel molina, nicolas otamendi, cristian 'cuti' romero, german pezzella, nicolas tagliafico, lisandro martinez, marcos acuna; los mediocampistas leandro paredes, guido rodriguez, enzo fernandez, palacios, rodrigo de paul, thiago almada y alexis mac allister; y los delanteros messi, angel di maria, lautaro martinez, julian alvarez, angel correa y paulo dybala",palacios,es,2023-03-20T19:19:06Z
"palacios y alonso  manuel bruna  jefe de seccion  palacios, de anos, fue el gran protagonista de este pasado fin de semana en la bundesliga",palacios,es,2023-03-21T11:06:02Z
redaccion  \xaexequiel palacios\xacon doblete de penalti el tanto inicial de\xakimmich\xay sacando a los bavaros del liderato de la bundesliga en favor del\xaborussia de dortmund,palacios,es,2023-03-21T16:55:04Z
"estan los arqueros franco armani, geronimo rulli y emiliano 'dibu' martinez; los defensores juan foyth, gonzalo montiel, nahuel molina, nicolas otamendi, cristian 'cuti' romero, german pezzella, nicolas tagliafico, lisandro martinez, marcos acuna; los mediocampistas leandro paredes, guido rodriguez, enzo fernandez, palacios, rodrigo de paul, thiago almada y alexis mac allister; y los delanteros messi, angel di maria, lautaro martinez, julian alvarez, angel correa y paulo dybala",palacios,es,2023-03-22T14:29:26Z
"scaloni tiene jugadores a disposicion, entre ellos a campeones del mundo: los arqueros franco armani, geronimo rulli y emiliano 'dibu' martinez; los defensores juan foyth, gonzalo montiel, nahuel molina, nicolas otamendi, cristian 'cuti' romero, german pezzella, nicolas tagliafico, lisandro martinez, marcos acuna; los mediocampistas leandro paredes, guido rodriguez, enzo fernandez, palacios, rodrigo de paul, thiago almada y alexis mac allister; y los delanteros messi, angel di maria, lautaro martinez, julian alvarez, angel correa y paulo dybala",palacios,es,2023-03-22T19:00:01Z
"panama y curazao con, como era previsible, los futbolistas campeones en qatar : los arqueros franco armani, geronimo rulli y emiliano 'dibu' martinez; los defensores juan foyth, gonzalo montiel, nahuel molina, nicolas otamendi, cristian 'cuti' romero, german pezzella, nicolas tagliafico, lisandro martinez, marcos acuna; los mediocampistas leandro paredes, guido rodriguez, enzo fernandez, palacios, rodrigo de paul, thiago almada y alexis mac allister; y los delanteros lionel messi, angel di maria, lautaro martinez, julian alvarez, angel correa, paulo dybala y alejandro 'papu' gomez",palacios,es,2023-03-23T00:43:54Z
"otros que incluso podrian enfrentar al millonario e hicieron inferiores en la institucion son german pezzella, gonzalo montiel, guido rodriguez, palacios y giovanni simeone",palacios,es,2023-03-23T15:32:16Z
"otros que incluso podrian enfrentar al millonario e hicieron inferiores en la institucion son german pezzella, gonzalo montiel, guido rodriguez, palacios y giovanni simeone",palacios,es,2023-03-23T16:23:44Z
"el equipo entrenado por julian nagelsmann vio como palacios le remontaba el - de kimmich para dejarlos sin victoria ni el primer puesto, ahora en manos del borussia dortmund",palacios,es,2023-03-23T17:09:49Z
"no lo hicieron franco armani, geronimo rulli, german pezzella, juan foyth, gonzalo montiel, guido rodriguez, giovani lo celso, palacios y angel correa",palacios,es,2023-03-24T01:55:28Z
"estan los arqueros franco armani, geronimo rulli y emiliano 'dibu' martinez; los defensores juan foyth, gonzalo montiel, nahuel molina, nicolas otamendi, cristian 'cuti' romero, german pezzella, nicolas tagliafico, lisandro martinez, marcos acuna; los mediocampistas leandro paredes, guido rodriguez, enzo fernandez, palacios, rodrigo de paul, thiago almada y alexis mac allister; y los delanteros lionel messi, angel di maria, lautaro martinez, julian alvarez, angel correa, paulo dybala",palacios,es,2023-03-24T02:00:28Z
"estan los arqueros franco armani, geronimo rulli y emiliano 'dibu' martinez; los defensores juan foyth, gonzalo montiel, nahuel molina, nicolas otamendi, cristian 'cuti' romero, german pezzella, nicolas tagliafico, lisandro martinez, marcos acuna; los mediocampistas leandro paredes, guido rodriguez, enzo fernandez, palacios, rodrigo de paul, thiago almada y alexis mac allister; y los delanteros lionel messi, angel di maria, lautaro martinez, julian alvarez, angel correa, paulo dybala",palacios,es,2023-03-24T02:04:34Z
"estan los arqueros franco armani, geronimo rulli y emiliano 'dibu' martinez; los defensores juan foyth, gonzalo montiel, nahuel molina, nicolas otamendi, cristian 'cuti' romero, german pezzella, nicolas tagliafico, lisandro martinez, marcos acuna; los mediocampistas leandro paredes, guido rodriguez, enzo fernandez, palacios, rodrigo de paul, thiago almada y alexis mac allister; y los delanteros lionel messi, angel di maria, lautaro martinez, julian alvarez, angel correa, paulo dybala",palacios,es,2023-03-24T14:00:40Z
" geronimo rulli; gonzalo montiel, german pezzella, lisandro martinez, marcos acuna; giovani lo celso, guido rodriguez, palacios; nicolas gonzalez, giovanni simeone y paulo dybala fueron los once iniciales que dispuso scaloni, quien fue el gestor de la invitacion a river a traves de la calida relacion que conserva con demichelis",palacios,es,2023-03-24T22:18:06Z
"lo celso fue titular en el amistoso ante river plate  argentina formo con geronimo rulli; gonzalo montiel, german pezzella, lisandro martinez, marcos acuna; giovani lo celso, guido rodriguez, palacios; nicolas gonzalez, giovanni simeone y paulo dybala",palacios,es,2023-03-25T07:29:38Z
"bayern viene de resignar el primer puesto de la bundesliga tras perder ante bayerleverkusen (dos goles de penal de palacios) y tendra la posibilidad de recuperarlo el proximo sabado, cuando recibira al nuevo lider, borussia dortmund",palacios,es,2023-03-26T12:27:35Z
" una probable formacion es con 'dibu' martinez; gonzalo montiel, otamendi o german pezzella, lisandro martinez y marcos acuna; rodrigo de paul o palacios, leandro paredes y giovani lo celso; lionel messi, lautaro martinez y angel di maria o angel correa",palacios,es,2023-03-26T16:01:46Z
" una probable formacion es con 'dibu' martinez; gonzalo montiel, otamendi o german pezzella, lisandro martinez y marcos acuna; rodrigo de paul o palacios, leandro paredes y giovani lo celso; lionel messi, lautaro martinez y angel di maria o angel correa",palacios,es,2023-03-26T22:20:13Z
" una probable formacion es con 'dibu' martinez; gonzalo montiel, otamendi o german pezzella, lisandro martinez y marcos acuna; rodrigo de paul o palacios, leandro paredes y giovani lo celso; lionel messi, lautaro martinez y angel di maria o angel correa",palacios,es,2023-03-27T14:18:41Z
" para el choque contra los caribenos estan a disposicion los arqueros\xafranco armani, geronimo rulli\xay\xaemiliano 'dibu' martinez; los defensores\xajuan foyth, gonzalo montiel, nahuel molina, lautaro blanco, nicolas otamendi, cristian 'cuti' romero, german pezzella, nicolas tagliafico, nehuen perez, lisandro martinez y marcos acuna; los mediocampistas\xaleandro paredes, emiliano buendia, maximo perrone, facundo buonanotte, valentin carboni, giovani lo celso, guido rodriguez, enzo fernandez, palacios, rodrigo de paul, thiago almada y alexis mac allister; y los delanteros\xamessi, angel di maria, lautaro martinez, julian alvarez, angel correa, nicolas gonzalez, giovanni simeone y paulo dybala",palacios,es,2023-03-27T16:57:00Z
"luego ingresaron paulo dybala, juan foyth, rodrigo de paul, di maria, palacios y franco armani",palacios,es,2023-03-29T02:18:28Z
"argentina: emiliano martinez (m., franco armani); gonzalo montiel, german pezzella, nicolas otamendi (m., juan foyth), marcos acuna; giovani lo celso (m., angel di maria), enzo fernandez (m., palacios), alexis mac allister (m., rodrigo de paul); lionel messi, lautaro martinez (m., paulo dybala), nicolas gonzalez",palacios,es,2023-03-29T03:02:20Z
":  maria), enzo fernandez (' palacios) y alexis mac allister ('  rodrigo de paul); lionel messi, lautaro martinez (' paulo dybala) y nicolas ",palacios,es,2023-03-29T09:56:00Z
"en este caso, todo parece haber terminado de la peor manera entre palacios y yesica frias",palacios,es,2023-04-05T21:17:53Z
"palacios, el campeon de la seleccion argentina\xatermino su relacion con su novia, yesica frias, quien lo acompano al mundial de qatar ",palacios,es,2023-04-06T12:09:42Z
"en sus historias de instagram, frias dejo entrever que la separacion habia sido en malos terminos al decir que palacios ""demostro lo que realmente es""",palacios,es,2023-04-07T23:07:30Z
" luego de la publicacion que hizo yesica frias,\xayanina latorre, una personalidad de argentina que suele abundar en este tipo de temas, dio detalles de como se habria dado el momento en que la mujer descubrio a palacios",palacios,es,2023-04-08T14:28:00Z
"en una serie de fotos, la panelista enseno a la joven con valijas en el barrio aleman en donde se hospeda palacios",palacios,es,2023-04-10T22:46:10Z
" pero ensalzar las recientes victorias consecutivas exige por igual dar reconocimiento al merito del desarrollo defensivo del equipo, apuntalando la labor de los dos sudamericanos palacios y hincapie, que desde la media cancha refuerzan y dan estabilidad a la zaga tal cual lo hiciera el propio alonso",palacios,es,2023-04-13T17:04:00Z
,palacios,es,2023-04-20T21:55:59Z
" el mediocampista argentino palacios volvera a ser baja en la bundesliga por problemas musculares, informo el tecnico alonso",palacios,es,2023-04-28T10:28:00Z
"alexis mac allister intentara acercar a brighton & hove albion a la europaleague del proximo ano cuando visite a wolverhampton; german pezzella y guido rodriguez tendran una complicadisima visita a barcelona como parte de real betis, y palacios intentara seguir aportando a la excelente levantada de bayerleverkusen en la bundesliga, cuando visite a union berlin",palacios,es,2023-04-29T03:41:10Z
" ""en el momento que salimos campeones yo estaba abrazado con pala (palacios) de este lado y del otro creo que estaba el papu (gomez), no me acuerdo",palacios,es,2023-05-06T11:48:51Z
" el resto de los que viajaran son el arquero geronimo rulli, los defensores gonzalo montiel, nahuel molina, german pezzella y cristian ""cuti"" romero; los mediocampistas rodrigo de paul, enzo fernandez, guido rodriguez, palacios, alexis mac allister y thiago almada, y el cupo de delanteros lo completa julian alvarez, que estara en la final de la championsleague con manchester city",palacios,es,2023-05-27T17:17:13Z
"no cambiarian de camiseta julian alvarez, rodrigo de paul -su rendimiento en los ultimos dos meses despejo dudas- cristian romero, nahuel molina, nicolas tagliafico, marcos acuna, lisandro martinez y palacios",palacios,es,2023-05-23T12:04:37Z
"contri, george goldammer casa central la segunda seguros / frm arquitectos edificio anexo alfredo palacios / silvio miraglia edificio altamira / rafael iglesia estudio terraza imola / angel gentiletti revista bio editorial km / rosario citterio - martina galli oficinas furigo / pamela furigo iglesia evangelica metodista primera casa jujuy / ignacio ronga costamagna y alejandra villanova ph pichincha / gonzalo catena edificio sls / estudio bressan aguerreberry casa piragua / juan palumbo, cecilia pellegrini ebras / estudio brasesco & asoc",palacios,es,2023-05-19T10:00:00Z
"marcos acuna (expulsado por una avivada de leandro paredes en la otra frontera), gonzalo montiel y papu gomez, que ingresan en los ultimos minutos, son los actores del argentinisimo sevilla, que va a jugar el proximo en budapest contra roma, la roma sentimental de mourinho, de dybala en el banco de suplentes, luego del cerrado empate sin goles contra bayerleverkusen, el equipo de palacios",palacios,es,2023-05-19T01:11:14Z
"el duelo comenzo a ser muy cortado, crecieron las imprecisiones y palacios vio la tarjeta amarilla por una fuerte infraccion",palacios,es,2023-05-18T21:29:04Z
"  sevilla, con marcos acuna y lucas ocampos como titulares y gonzalo montiel y alejandro papu gomez en el banco de suplentes, recibe esta tarde a juventus, de angel di maria (titular) y leandro paredes (en el banco), en la semifinales decisivas de la europaleague, mientras que bayerleverkusen, de palacios, chocara ante roma, de paulo dybala",palacios,es,2023-05-18T18:15:33Z
"agencias  el penalti transformado por el argentino palacios evito la derrota ante el stuttgart del bayerleverkusen (-), mas pendiente de la vuelta de las semifinales de la europaleague ante la roma que de la bundesliga, en la que se juega su plaza continental para la proxima temporada",palacios,es,2023-05-14T16:50:30Z
"redaccion  en el mes de abril, paso lo mismo con palacios con yesica frias",palacios,es,2023-05-12T16:11:08Z
"y a los , wirtz definio apenas desviado tras una pared con palacios que desairo a los defensores del equipo italiano",palacios,es,2023-05-11T21:13:48Z
"-- sportscenter (@sc_espn) may ,   a la misma hora, por espn y star+, roma, del cordobes paulo dybala, se enfrentara por la otra llave a bayerleverkusen, de palacios, en el estadio olimpico de la capital italiana.""}   ",palacios,es,2023-05-11T19:05:33Z
" a la misma hora, por espn y star+, roma, del cordobes paulo dybala, se enfrentara por la otra llave a bayerleverkusen, de palacios, en el estadio olimpico de la capital italiana",palacios,es,2023-05-11T18:26:06Z
" en el estadio olimpico de la capital italiana, la loba, con paulo dybala como figura estelar, sera local del bayerleverkusen de palacios, la revelacion del torneo que aspira a disputar un encuentro decisivo en un certamen internacional tras mas de dos decadas",palacios,es,2023-05-11T13:44:18Z
" en el estadio olimpico de la capital italiana, la loba, con paulo dybala como figura estelar, sera local del bayerleverkusen de palacios, la revelacion del torneo que aspira a disputar un encuentro decisivo en un certamen internacional tras mas de dos decadas",palacios,es,2023-05-10T16:03:25Z
"jugo como lateral izquierdo en la linea de cuatro conformada ademas por el aleman tah, el burkines edmond tapsoba y el neerlandes frimpong.el sitio especializado\xasofascore\xacalifico a hincapie con ",frimpong,es,2023-02-16T22:09:36Z
"wirtz, a la derecha, celebra su gol, el primero del bayerleverkusen leverlusen en la vuelta ante el monaco  empezo marcando wirtz, quien puso en ventaja al bayerleverkusen en el minuto al aprovechar un balon suelto dejado por alexander nubel, portero del monaco, tras una jugada de frimpong",frimpong,es,2023-02-23T20:37:20Z
"frenkie de jong y ronald koeman, en su anterior etapa con paises bajos  defensas: nathan ake (manchester city), daley blind (bayern munich), sven botman (newcastle united), matthijs de ligt (bayern munich), stefan de vrij, denzel dumfries (both inter milan), frimpong (bayerleverkusen), lutsharel geertruida y quilindschy hartman (feyenoord), tyrell malacia (manchester united), kenny tete (fulham), jurrien timber (ajax amsterdam), virgil van dijk (liverpool)  centrocampistas: steven berghuis (ajax amsterdam), jordy clasie (az alkmaar), frenkie de jong (barcelona), marten de roon (atalanta), ryan gravenberch (bayern munich), davy klaassen (ajax amsterdam), teun koopmeiners (atalanta), kenneth taylor (ajax amsterdam), joey veerman (psv eindhoven), mats wieffer (feyenoord), georginio wijnaldum (as roma) ",frimpong,es,2023-03-03T20:57:41Z
,frimpong,es,2023-03-12T18:25:52Z
"alonso, con palacios en un momento del partido  sin embargo, la reaccion del equipo dirigido por alonso fue fulminante y dio la vuelta al marcador con tantos de bakker, frimpong y adam hlozek, que entre los minutos y resolvieron un choque al que niclas fullkrug anadio algo de incertidumbre con un gol de penalti en el ultimo tramo",frimpong,es,2023-03-12T19:29:27Z
"adli celebra su gol, el segundo del bayerleverkusen ante el ferencvaros, con su companero frimpong  imma mentruit  el bayerleverkusen, al que entrena alonso, no faltara a la cita de los cuartos de final de la europaleague y este viernes, dos dias antes de medirse al bayern, conocera a su proximo rival",frimpong,es,2023-03-16T22:06:22Z
" el defensa ecuatoriano hincapie jugo los minutos con la camiseta del bayerleverkusen.esta vez alonso puso a\xapiero hincapie como lateral izquierdo, junto a edmond tapsoba, odilon kossounou y frimpong.sofascore le dio una calificacion a hincapie de , puntos, una de las mas bajas en su permanencia con los alemanes desde el segundo semestre de ",frimpong,es,2023-03-19T19:04:34Z
"ademas, alphonso davies aparecio para despejar un remate de frimpong",frimpong,es,2023-03-19T21:50:51Z
"mendy, durante la final de la champions  el ultimo nombre en salir a la palestra es el del neerlandes frimpong",frimpong,es,2023-03-30T17:01:06Z
"frimpong\xaaparecio dentro del area para definir totalmente solo ante el arco tras un pase de diaby.el gol del bayerleverkusen provoco desorden en el schalke , que salio a buscar el empate, pero en el intento dejo mas espacios que en el primer tiempo, que fueron aprovechados por el conjunto que dirige alonso.wirtz, la joya del bayerleverkusen,\xasentencio el compromiso\xaa los '",frimpong,es,2023-04-01T16:20:30Z
frimpong aparece en la agenda blaugrana  mario rios  el barca ya se mueve en el mercado de verano,frimpong,es,2023-04-06T16:54:14Z
"el delantero nigeriano eludio rivales, se cayo, se levanto y continuo con la posesion del balon para terminar su jugada con un remate que fue atajado por lukas hradecky.en la jugada siguiente, en el tiro de esquina producto del remate de boniface, el conjunto belga tuvo una oportunidad unica, pero el remate de ismael kandouss se estrello en el travesano.la mas clara del bayerleverkusen llego a los ', con un cabezazo de\xapiero hincapie, tras un centro de frimpong",frimpong,es,2023-04-13T21:28:24Z
"de todos los nombres que suenan, el de alexander-arnold es el que mas cautiva por encima de los de\xabenjamin pavard (bayern),\xadiogo alot (manchester united), juan foyth (villarreal),\xajoao cancelo (manchester city/bayern), josip juranovic (union berlin) y\xajeremie frimpong (bayerleverkusen)",frimpong,es,2023-04-18T16:56:50Z
 el equipo de karel geraerts ni siquiera habia asimilado la situacion y frimpong pudo hacer el segundo a los veinte minutos,frimpong,es,2023-04-20T17:44:42Z
"en el duelo de vuelta, el equipo dirigido por alonso se hizo fuerte de visitante y gano a con tantos de frimpong, bakker, diaby y adam hlozek (casper terho desconto para los belgas)",frimpong,es,2023-04-20T21:55:59Z
a menudo el carrilero/lateral (frimpong) ocupa posiciones medias mas adelantadas que el teorico mediapunta/extremo (diaby),frimpong,es,2023-04-30T05:23:36Z
redaccion  frimpong\xa(bayerleverkusen) y   diego dalot (manchester united) ,frimpong,es,2023-05-07T06:33:25Z
"de hecho, pese a que el atletico cuenta con lateral de primer nivel por mucho tiempo, hasta concretamente, lo cierto es que el argentino seria por rendimiento (no hay once sin su presencia y solo griezmann y de paul han repartido mas goles), edad (a sus anos aun tiene toda una carrera por delante), posicion (apenas alexander-arnold o frimpong le hacen sombra en las cinco grandes ligas) y presente (ya es un fijo tambien con argentina, con quien colecciona un mundial, una copa america y una finalissima) el futbolista mas valioso en su escaparate",frimpong,es,2023-05-07T05:33:25Z
"los que mas han sonado o son muy caros (joao cancelo, juan foyth) o tienen el mismo condicionante deportivo que kounde (benjamin pavard) o son un recurso (diogo dalot) o\xason una apuesta (frimpong) que ultimamente no le ha acabado de salir al barca (sergino dest)",frimpong,es,2023-05-06T13:51:24Z
"frimpong, diaby y adli, los lideres del equipo de alonso, nunca tuvieron opcion de explotar su velocidad ante un rival fuerte fisicamente y muy solido en defensa",frimpong,es,2023-05-05T20:41:35Z
"ya en quinto lugar, frimpong ( regates, % exito), del bayern bayerleverkusen de alonso",frimpong,es,2023-05-24T07:33:38Z
al cuarto de hora abrio el marcador el frances adli a pase de hincapie y cinco mas tarde amplio su ventaja con un cabezazo de demirbay a un centro de frimpong,frimpong,es,2023-05-21T20:25:27Z
" tambien es cierto que el equipo aleman pudo haber logrado el empate en el tramo final del partido, cuando el defensa bryan cristante impidio con el pecho un gol de frimpong",frimpong,es,2023-05-12T10:04:11Z
"con canet, gilles lellouche, vincent cassel, marion cotillard y tah cohen",tah,es,2023-02-03T07:35:00Z
"corrian apenas ocho minutos del primer tiempo de un encuentro que no encontraba un dominador claro cuando, en una jugada en principio de muy poco peligro, el defensor tah eligio tocar hacia atras para su arquero, lukas hradecky, ante la presion del conjunto monegasco",tah,es,2023-02-16T20:45:18Z
"jugo como lateral izquierdo en la linea de cuatro conformada ademas por el aleman tah, el burkines edmond tapsoba y el neerlandes frimpong.el sitio especializado\xasofascore\xacalifico a hincapie con ",tah,es,2023-02-16T22:09:36Z
" reparto: dave bautista, tah groff, ben aldridge, kristen cui, nikki amuka-bird, rupert grint, abby quinn, m",tah,es,2023-03-01T22:09:17Z
"formo la linea de tres junto al aleman tah y al burkines edmond tapsoba.el sitio especializado\xasofascore\xale otorgo a\xapiero hincapie una calificacion de , puntos",tah,es,2023-05-05T21:06:47Z
redaccion l  para tah esta esta siendo una semana movidita,tah,es,2023-05-10T09:41:56Z
" sardar azmoun empato el partido, a los minutos, con una sobria volea tras un gran centro de bakker, que reemplazo a hincapie, que hizo un gran partido",bakker,es,2023-02-26T17:11:43Z
,bakker,es,2023-03-12T18:25:52Z
,bakker,es,2023-03-12T18:51:09Z
"alonso, con palacios en un momento del partido  sin embargo, la reaccion del equipo dirigido por alonso fue fulminante y dio la vuelta al marcador con tantos de bakker, frimpong y adam hlozek, que entre los minutos y resolvieron un choque al que niclas fullkrug anadio algo de incertidumbre con un gol de penalti en el ultimo tramo",bakker,es,2023-03-12T19:29:27Z
"pero llego a siete del descanso, en una transicion que inicio diaby, que centro al checo adam hlozek y culmino el neerlandes bakker",bakker,es,2023-04-20T17:44:42Z
"inauguro el marcador diaby en el ', y antes de llegar al descanso fue bakker el que establecio en el marcador el - (')",bakker,es,2023-04-20T21:46:47Z
"en el duelo de vuelta, el equipo dirigido por alonso se hizo fuerte de visitante y gano a con tantos de frimpong, bakker, diaby y adam hlozek (casper terho desconto para los belgas)",bakker,es,2023-04-20T21:55:59Z
"a los , bakker consiguio poner la segunda anotacion gracias a un veloz contraataque",bakker,es,2023-04-20T21:58:46Z
"tras un intento de retroceso de parte de bakker, el arquero lukas hradecky no pudo controlar y dejo servida la pelota al rival para que la emboque.\xael tanto de la paridad llego de forma similar",bakker,es,2023-05-27T14:44:54Z
"tras un intento de retroceso de parte de bakker, el arquero lukas hradecky no pudo controlar y dejo servida la pelota al rival para que la emboque.\xael tanto de la paridad llego de forma similar",bakker,es,2023-05-21T21:25:07Z
" (bakker, ')  andrich (amarilla, ') ",bakker,es,2023-05-11T21:19:51Z
"monaco, con gol a los +' de axel disasi (anotaron tambien lucas hradecky, en contra, y krepin diatta), vencio - a bayerleverkusen (diaby y wirtz) de visita",diaby,es,2023-02-16T21:09:00Z
 los goles para el elenco aleman los marcaron diaby y wirtz,diaby,es,2023-02-16T22:09:36Z
 los goles para el elenco aleman los marcaron diaby y wirtz,diaby,es,2023-02-23T20:55:47Z
"diaby, con su endiablada velocidad, y el disparo lejano de demirbay fueron las armas de alonso para intimidar la porteria de flekken",diaby,es,2023-02-26T16:46:57Z
" no hubo novedades en ese ataque, donde diaby (bayerleverkusen) vuelve a la lista",diaby,es,2023-03-16T14:10:45Z
"diaby abrio el marcador a los minutos de juego y adli sello a los ', colocando de esa manera el - en el global",diaby,es,2023-03-16T21:01:00Z
 los goles del triunfo del bayerleverkusen los hicieron diaby (') y adli\xa('),diaby,es,2023-03-16T22:00:13Z
"adli celebra su gol, el segundo del bayerleverkusen ante el ferencvaros, con su companero frimpong  si tenia esperanzas el ferencvaros de dar la sorpresa y dejar fuera al bayerleverkusen, se le torcio enseguida la noche, en el minuto , que fue cuando diaby marco el primer gol del equipo aleman, aprovechando un balon de edmond tapsoba para batir a denes dibusz, portero del conjunto hungaro",diaby,es,2023-03-16T22:06:22Z
"francia, con poco, vencio a irlanda en la eliminatoria a la eurocopa  por ahi se colo un disparo de diaby en el minuto y otro de rabiot en el , ambos desde el borde del area y bien atajados por un atento bazunu",diaby,es,2023-03-27T21:19:26Z
"por ahi se colo un disparo de diaby en el minuto y otro de rabiot en el , ambos desde el borde del area y bien atajados por un atento bazunu",diaby,es,2023-03-27T21:21:00Z
" por ahi se colo un disparo de diaby en el minuto y otro de rabiot en el , ambos desde el borde del area y bien atajados por un atento bazunu",diaby,es,2023-03-28T00:38:52Z
"frimpong\xaaparecio dentro del area para definir totalmente solo ante el arco tras un pase de diaby.el gol del bayerleverkusen provoco desorden en el schalke , que salio a buscar el empate, pero en el intento dejo mas espacios que en el primer tiempo, que fueron aprovechados por el conjunto que dirige alonso.wirtz, la joya del bayerleverkusen,\xasentencio el compromiso\xaa los '",diaby,es,2023-04-01T16:20:30Z
"esta vez el jugador de anos\xaasistio a diaby, que con un remate cruzado aumento la diferencia a los '.para la segunda mitad se mantuvo la dinamica",diaby,es,2023-04-08T18:19:01Z
" las palabras de armine adli que enmarcan el inicio de este relato dan cuenta del clima interno por el que atraviesa el equipo de alonso, quien ha logrado volver a articular el empuje ofensivo del bayerleverkusen con artistas ofensivos como jeremy frimpong, diaby, el propio adli y wirtz",diaby,es,2023-04-13T17:04:00Z
"diaby pudo tambien marcar, tras una jugada de adli, al final de la primera mitad, pero le falto punteria",diaby,es,2023-04-13T21:01:41Z
"en la segunda parte, el frances diaby y demirbay y, en el ultimo minuto, adli adil tambien pudieron anotar pero se estrellaron con la inspiracion de casteels, que sostuvo al wolfsburgo",diaby,es,2023-04-16T19:39:32Z
"empezo a fraguar la victoria a los dos minutos, en una accion que nacio en una conduccion de wirtz witz que termino con un balon dividido entre adam hlozek y el defensa senne lynen que acabo en los pies de diaby, que supero al meta anthony moris",diaby,es,2023-04-20T17:44:42Z
"inauguro el marcador diaby en el ', y antes de llegar al descanso fue bakker el que establecio en el marcador el - (')",diaby,es,2023-04-20T21:46:47Z
"en el duelo de vuelta, el equipo dirigido por alonso se hizo fuerte de visitante y gano a con tantos de frimpong, bakker, diaby y adam hlozek (casper terho desconto para los belgas)",diaby,es,2023-04-20T21:55:59Z
diaby aparecio y demostro sus condiciones como delantero al encarar al golero rival.\xala escuadra alemana gestaba su primer ataque y wirtz se lanzo hacia las parcelas contrarias,diaby,es,2023-04-20T21:58:46Z
el gol de diaby les alejaba de la semifinal,diaby,es,2023-04-22T20:26:54Z
 fue el checo adam hlozek el que abrio el marcador para el conjunto de bayerleverkusen al llevar a la red un balon del frances diaby a cinco minutos del intermedio,diaby,es,2023-04-23T17:49:01Z
a menudo el carrilero/lateral (frimpong) ocupa posiciones medias mas adelantadas que el teorico mediapunta/extremo (diaby),diaby,es,2023-04-30T05:23:36Z
"davie selke, autor de dos goles, verdugo del bayerleverkusen  el bayerleverkusen empato en su mejor jugada del partido, una rapida transicion desde su propia area perfectamente ejecutada que culmino adli al rematar con precision un pase de diaby (')",diaby,es,2023-05-05T20:41:35Z
"pero hay mas jugadores franceses en la agenda, como laporte (city), lucas hernandez (bayern), diaby (bayerleverkusen), rayan cherki (lyon) o kolo muani (eintracht)",diaby,es,2023-05-05T16:56:56Z
"futbol/real-madrid  desde inglaterra se informo durante la semana del interes madridista en diaby, delantero cuya zona de influencia arranca en la banda derecha, pero que no hace ascos a ocupar cualquier posicion de la vanguardia",diaby,es,2023-05-05T10:34:35Z
"la ofensiva que comandan diaby, sardar azmoun y wirtz, quinta mejor de la bundesliga, no fue capaz de vulnerar a una defensiva del calcio, fortalecida por la sapiencia de mourinho",diaby,es,2023-05-19T08:39:47Z
"busco diaby de zurda y se fue por encima del travesano, que poco despues devolvio un disparo cruzado de derecha del propio frances a poco de ingresar al area, en un contrataque veloz de los locales",diaby,es,2023-05-18T21:29:04Z
"incluso estrello un balon en el travesano de la porteria romana, al cuarto de hora, por obra de diaby tras una internada en el area y que culmino con un potente derechazo",diaby,es,2023-05-18T21:07:27Z
"imma mentruit  con wirtz elaborando ocasiones, demirbay, novedad en la media del bayerleverkusen ante la ausencia por lesion de andrich, y\xamoussa diaby dieron trabajo al portero portugues de los 'giallorossi' en la primera parte",diaby,es,2023-05-18T20:59:46Z
"felip munoz  roma:\xarui patricio; mancini, cristante, roger ibanez; celik, bove, matic, zalewski; dybala, pellegrini; tammy abraham\ub\ubbayer bayerleverkusen:\xalukas hradecky; tapsoba, tah, hincapie; frimpong, palacios, andrich, bakker; diaby, wirtz, adli\ub\ubarbitro:\xamichael oliver (inglaterra)\ub\ubestadio: olimpico de roma\ub\ubhora: ",diaby,es,2023-05-11T05:00:00Z
"queria un extremo y, aunque la primera opcion era mudryk, le trajeron a leandro trossard (brighton)",mudryk,es,2023-01-31T20:06:27Z
"enzo fernandez (), mudryk (), benoit badiashile ()",mudryk,es,2023-01-31T22:17:26Z
"en esta ventana invernal europea, ademas de fofana, se incorporaron benoit badiashile (), el juvenil volante central brasileno andrey santos -enfrento a la argentina en el sudamericano sub - (,), mudryk (, que pueden llegar a de acuerdo a objetivos), joao felix (, prestamo), noni madueke () y malo gusto ()",mudryk,es,2023-01-31T22:29:20Z
"enzo fernandez (), mudryk (), benoit badiashile ()",mudryk,es,2023-02-01T05:58:06Z
"en esta ventana invernal europea, ademas de fofana, se incorporaron benoit badiashile (), el juvenil volante central brasileno andrey santos -enfrento a la argentina en el sudamericano sub - (,), mudryk (, que pueden llegar a de acuerdo a objetivos), joao felix (, prestamo), noni madueke () y malo gusto ()",mudryk,es,2023-02-01T10:14:06Z
"el ucraniano mudryk, fichaje de campanillas del chelsea  felip munoz  cayo el telon del mercado invernal y la sensacion general es de asombro",mudryk,es,2023-02-01T14:42:26Z
"felip munoz  la intencion de ziyech era la de marcharse al psg para intentar tener algo mas de protagonismo que en un chelsea donde acaban de aterrizar mudryk, joao felix y noni madueke, futbolistas que actuan en una posicion similar a la del marroqui",mudryk,es,2023-02-01T16:24:01Z
"tambien llegaron mudryk (), benoit badiashile () o noni madueke ()",mudryk,es,2023-02-02T04:00:00Z
"en esta ventana invernal europea, ademas de fofana, se incorporaron benoit badiashile (), el juvenil volante central brasileno andrey santos -enfrento a la argentina en el sudamericano sub - (,), mudryk (, que pueden llegar a de acuerdo a objetivos), joao felix (, prestamo), noni madueke () y malo gusto ()",mudryk,es,2023-02-02T11:07:34Z
":  completan el podio detras del volante argentino el ucraniano mudryk,  quien paso del shakhtar donetsk al chelsea a cambio de millones, y el  - mudryk:   de shakhtar donetsk de ucrania a chelsea de inglaterra ",mudryk,es,2023-02-02T15:15:00Z
" sin embargo, las palabras del tecnico blue suenan huecas, especialmente teniendo en cuenta que en stamford bridge acaban de aterrizar el ucraniano mudryk, el portugues joao felix y el britanico noni madueke, futbolistas que pueden jugar en una posicion similar a la del internacional marroqui",mudryk,es,2023-02-02T17:38:10Z
mykhailo mudryk ha costado millones de euros al chelsea y no ha sido el fichaje mas caro del equipo \'blue\' en este mercado de invierno,mudryk,es,2023-02-03T11:40:13Z
" los 'blues' asombraron con un enorme gasto en fichajes -superior a los millones- gastos en la ventana de fichajes de enero, con jugadores como enzo fernandez, mudryk y benoit badiashile contratados por enormes traspasos, y joao felix se sumo cedido por el atletico de madrid para reforzar las opciones de graham potter",mudryk,es,2023-02-03T17:58:54Z
"\uc\uc  por ultimo, el delantero que se perfila a ser la figura del chelsea es mudryk",mudryk,es,2023-02-04T12:28:00Z
" pero lo que sobre todo llama la atencion es la cantidad de movimientos que ha hecho un club como el chelsea, el gran animador del ultimo mercado de invierno al realizar nada menos que siete fichajes en las ultimas semanas, destacando jugadores como enzo fernandez ( millones de euros), mudryk ( millones), benoit badiashile ( millones) o noni madueke ( millones)",mudryk,es,2023-02-12T13:52:24Z
"desde su desembarco este pasado verano en el cuadro de londres, entre el mercado de verano y el de invierno se ha gastado ya , millones de euros en fichajes, con contrataciones muy altas, entre ellas, como las de enzo fernandez ( millones de euros), wesley fofana () o mudryk ()",mudryk,es,2023-02-13T15:10:29Z
"enzo fernandez --el mas caro, reclutado por millones del benfica--, mudryk -- millones al shaktar, mas en variables-- y joao felix --el atletico ha recibido millones por su cesion-- seran titulares esta noche frente al borussia dortmund",mudryk,es,2023-02-14T21:05:00Z
"los jugadores del shakhtar celebran uno de sus dos goles al rennes  sin disputar un encuentro oficial desde el pasado mes de noviembre y, sobre todo, sin la presencia de su gran estrella, el joven atacante mudryk, traspasado el pasado mes de enero por millones de euros al chelsea ingles, habia numerosas dudas sobre el rendimiento del conjunto ucraniano",mudryk,es,2023-02-16T23:23:36Z
"aniversario de la guerra de ucrania  el caso mas potente es el de mudryk, por el que el chelsea pago millones al shakhtar donetsk",mudryk,es,2023-02-27T10:59:29Z
"mudryk, con la camiseta del chelsea  javier alfaro  el aterrizaje de mudryk en inglaterra no esta siendo tan bueno como se esperaba",mudryk,es,2023-03-06T09:22:10Z
"por el extremo ucraniano mudryk, tambien de anos, desembolso el chelsea millones de euros",mudryk,es,2023-03-07T12:43:09Z
"el objetivo numero era mudryk, que acabo en el chelsea",mudryk,es,2023-03-18T06:53:21Z
"fue entonces cuando potter decidio mover el banquillo, pero no para darle minutos a kante ni a la perla del shakhtar mudryk tras pagar este invierno millones y en variables",mudryk,es,2023-03-18T20:18:22Z
"gareth southgate, con jack grealish, en el partido contra italia del jueves (photo by michael regan/getty images)  inglaterra estara frente a mudryk, uno de los flamantes fichajes de invierno del chelsea y que no ha podido marcar aun como jugador del equipo 'blue'",mudryk,es,2023-03-26T05:00:00Z
"futbol/premier-league  el sucesor de abramovich tiro la \'casa por la ventana\' en el mercado de fichajes: enzo fernandez, wesley fofana, mudryk, marc cucurella, raheem sterling..",mudryk,es,2023-04-19T12:36:49Z
"un gasto total de millones en fichajes a costa de todd boehly, sucesor de abramovich que tiro la \'casa por la ventana\' en el mercado de fichajes con incorporaciones como enzo fernandez, wesley fofana, mudryk, marc cucurella, raheem sterling..",mudryk,es,2023-04-20T14:23:53Z
javier alfaro  la etapa de mudryk en el chelsea no esta yendo todo lo bien que podria,mudryk,es,2023-05-25T10:35:41Z
" una indecision en la salida de balon de moises caicedo y de hincapie, apurados por la amenaza de sus rivales, llevo el balon a jackson irvine que lo envio a awer mabil que ejecuto, desde cerca, un potente zapatazo imposible para ramirez",hincapie,es,2023-03-24T11:35:06Z
"una indecision en la salida de balon de moises caicedo y de hincapie, apurados por la amenaza de sus rivales, llevo el balon a jackson irvine, que lo envio a awer mabil, que ejecuto, desde cerca, un potente zapatazo imposible para ramirez",hincapie,es,2023-03-24T17:19:22Z
hincapie (bayerleverkusen)\ub,hincapie,es,2023-03-29T18:51:00Z
al cuarto de hora abrio el marcador el frances adli a pase de hincapie y cinco mas tarde amplio su ventaja con un cabezazo de demirbay a un centro de frimpong,hincapie,es,2023-05-21T20:25:27Z
"la roma acabo con el sueno del ecuatoriano hincapie, que queria ganar la uefa europaleague con su equipo, el bayerleverkusen",hincapie,es,2023-05-20T14:40:16Z
" del al de mayo - se quedara estos dias en alemania para ver a hincapie, del bayerleverkusen  del al de mayo - se reunira en belgica a angelo preciado, que milita en el genk",hincapie,es,2023-05-07T19:17:38Z
"colonia se jugo el viernes\xa de mayo de en el bayarena.este encuentro es considerado como uno de los clasicos de la bundesliga por la ubicacion geografica de ambas ciudades, separadas por un poco mas de kilometros.el ecuatoriano hincapie fue titular en el bayerleverkusen que dirige el espanol alonso",hincapie,es,2023-05-05T21:06:47Z
"agentes de cambio que representaran al ecuador por el mundo"", publico idv en sus distintas redes sociales.la publicacion estuvo acompanada de un video donde se muestran jugadas de algunos futbolistas oriundos de esmeraldas y que tuvieron su paso por idv como\xapiero hincapie y william pacho.ademas, en las imagenes se aprecia las canchas y espacios verdes con los que contara este centro de alto rendimiento.""los chicos de esmeraldas podras\xacumplir sus suenos de futuro\xay ser verdaderos 'agentes de cambio'",hincapie,es,2023-05-05T20:38:57Z
"esta iniciara el y finalizara el de mayo.durante ese lapso, felix sanchez visitara a ocho jugadores de cinco instituciones diferentes.en el cronograma que compartio la federacion ecuatoriana de futbol, los jugadores que recibiran a felix sanchez son: gonzalo plata,\xamoises caicedo, pervis estupinan, jeremy sarmiento,\xaenner valencia, hincapie, angelo preciado y william pacho",hincapie,es,2023-05-05T19:39:51Z
" desde la cuenta en twitter @latri, de la seleccion de ecuador, tambien se realizo una llamativa publicacion con la imagen de hincapie y la etiqueta #maythethbewithyou",hincapie,es,2023-05-04T18:08:09Z
"pacho es considerado uno joven defensor con mucho potencial y por eso ya dio otro paso en su carrera a una liga mas imponente.desde la campana /, william pacho defendera los colores del\xaeintracht frankfurt\xade alemania, club con el cual firmo hasta .wirtz plettenberg, periodista aleman, detallo que el valor de la transaccion se ubica en los millones de euros.william pacho sera el segundo ecuatoriano en alemania en la actualidad, pues en el pais teuton tambien juega\xapiero hincapie, que defiende la camiseta del bayerleverkusen",hincapie,es,2023-05-01T15:58:23Z
"el defensa hincapie, del bayerleverkusen, realizo una broma al volante moises caicedo, del brighton",hincapie,es,2023-04-28T21:41:09Z
el equipo de hincapie tuvo un marcador global de - ante el union saint gillon de belgica,hincapie,es,2023-04-20T21:58:46Z
" en esta jornada, el bayerleverkusen del ecuatoriano hincapie tambien avanzo a las semifinales de la liga europa",hincapie,es,2023-04-20T21:46:26Z
"hincapie\xafue titular y disputo los minutos con el bayerleverkusen\xaque empato - en casa ante el union saint-gilloise, por la ida de los cuartos de final de la uefa europaleague, este jueves de abril de ",hincapie,es,2023-04-13T21:28:24Z
" pero ensalzar las recientes victorias consecutivas exige por igual dar reconocimiento al merito del desarrollo defensivo del equipo, apuntalando la labor de los dos sudamericanos palacios y hincapie, que desde la media cancha refuerzan y dan estabilidad a la zaga tal cual lo hiciera el propio alonso",hincapie,es,2023-04-13T17:04:00Z
en ecuador se espera que el defensa hincapie tenga accion en esta jornada,hincapie,es,2023-04-13T14:57:13Z
"las familias controladoras no estan todas de acuerdo en como se esta manejando la empresa; hay molestias profundas de parte de la familia cuneo con el manejo de carlo solari; sus hermanos, hincapie y sandro, en privado expresan diferencias con carlo y con el gerente general gaston bottazzini, el argentino que tomo el mando en ",hincapie,es,2023-04-10T12:13:21Z
hincapie se ha constituido en figura en el equipo que dirige el espanol xavi alonso,hincapie,es,2023-04-08T18:19:01Z
el ecuatoriano\xapiero hincapie\xaarranco de titular,hincapie,es,2023-04-01T16:20:30Z
":  la lista es liderada por el ingles del borussia dortmund jude bellingham, mientras que destacan otros sudamericanos, como el brasileno del arsenal gabriel martinelli (deg), el ecuatoriano del brighton moises caicedo (deg), su compatriota del bayerleverkusen hincapie (deg), el brasileno del vasco da gama andrey santos (deg) y el argentino del manchester united alejandro garnacho (deg)",hincapie,es,2023-03-30T14:08:00Z
" ""desde hace anos las puertas de la bundesliga han estado abiertas para jugadores latinoamericanos y especialmente el bayerleverkusen ha tenido historicamente muy buenos jugadores brasilenos, argentinos, chilenos y ahora tenemos ecuatorianos con hincapie",hincapie,es,2023-03-28T17:56:34Z
"en el primero de los goles, el arquero\xamoises ramirez\xacometio un error en la salida y sus rivales definieron a puerta vacia; en el segundo, despues de que\xapiero hincapie\xaregalase el balon en su cancha, se amplio el marcador",hincapie,es,2023-03-28T16:39:18Z
"ecuador se impuso a australia  - ecuador: hernan galindez, angelo preciado (xavier arreaga, m.), felix torres, william pacho, hincapie, pervis estupinan, jhegson mendez (angel mena, m.), moises caicedo, alan franco (mourinho cifuentes, m.), junior sornoza (marco angulo, m.) y kevin rodriguez (michael estrada, m.)",hincapie,es,2023-03-28T12:45:33Z
hincapie y felix torres le hicieron compania.\xala alineacion de\xa---\xale permitio ingresar en la alineacion,hincapie,es,2023-03-28T11:19:22Z
" ecuador:\xahernan galindez (arquero), felix torres, hincapie y william pacho (defensas); pervis estupinan, angelo preciado (xavier arreaga - '), moises caicedo, jhegson mendez (angel mena - ), alan franco y junior sornoza (marco angulo - ') (volantes); kevin rodriguez (michael estrada - ') (delantero).australia:\xajoe gaucci (arquero); milos degenek, bailey wright, thomas deng, aziz behich (defensas); jackson irvine, connor metcalfe, riley mcgree, cameron devlin, craig goodwin (garang kuol - ') (volantes); brandon borello (jason cumming - ')\xa (delantero)",hincapie,es,2023-03-28T05:06:00Z
" segun informacion del periodista stalin cobena, felix sanchez ensayo en los entrenamientos con la siguiente alineacion: hernan galindez; angelo preciado, felix torres, hincapie y pervis estupinan; moises caicedo, jhegson mendez, alan franco, mourinho cifuentes y\xajunior sornoza; michael estrada.entre las novedades en relacion con el primer once que presento ante australia se encuentra la inclusion de\xahernan galindez, arquero que jugo como titular el\xamundial qatar ",hincapie,es,2023-03-27T21:14:46Z
"el marcador final fue de - en contra de los ecuatorianos.\xalos\xajugadores\xaque estuvieron presentes en aquel compromiso fueron moises ramirez, angelo preciado, felix torres, hincapie, pervis estupinan, mourinho cifuentes, moises caicedo, jhegson mendez, jeremy sarmiento, michael estrada y angel mena como titulares",hincapie,es,2023-03-27T20:25:28Z
"el arquero\xamoises ramirez\xasalio mal en el primer tanto y, en el segundo, hincapie\xaregalo la pelota al rival",hincapie,es,2023-03-26T19:10:54Z
moises ramirez y hincapie fallaron en las acciones de gol de los locales,hincapie,es,2023-03-24T11:58:53Z
" moises ramire, pervis estupinan, hincapie, felix torres, angelo preciado, mourinho cifuentes, moises caicedo, jhegson mendez, jeremy sarmiento, michael estrada y angel mena, fueron los titulares",hincapie,es,2023-03-24T11:45:04Z
 el segundo tanto de los australianos fue producto de un error en la salida del defensa hincapie,hincapie,es,2023-03-24T11:40:39Z
" una indecision en la salida de balon de moises caicedo y de hincapie, apurados por la amenaza de sus rivales, llevo el balon a jackson irvine que lo envio a awer mabil que ejecuto, desde cerca, un potente zapatazo imposible para ramirez",hincapie,es,2023-03-24T11:35:06Z
" la seleccion de ecuador, pese a estar\xaperdiendo en el marcador, fue regular australia en el partido que se jugo en el commbank stadium en sindey.sin embargo, esto se vio afectada por los errores que tuvo el equipo en la zona baja, que\xaprovoco dos goles de los 'socceroos'\xapara que esten ganando momentaneamente a ecuador.el primero fue un error de\xamoises ramirez\xaen salida en un balon parado que termino en gol de jackson irvine.mientras que, el segundo error que termino en gol fue a los minutos.\xapiero hincapie\xaperdio el esferico en el area ante jackson irvine, que termino habilitando a awer mabil y este con un bombazo rompio el arco defendido por el guardameta de independiente del valle, que fallo en primera instancia",hincapie,es,2023-03-24T10:18:17Z
"a el lo acompanaban sus companeros\xaangel mena, jeremy sarmiento y moises caicedo.\xa""hincapie, hincapie"", se escuchaba pedir a los gritos para que se acerque hincapie, otra de las figuras de la escuadra nacional",hincapie,es,2023-03-23T01:45:47Z
 angelo preciado (genk)mourinho hurtado (red bull bragantino)felix torres (santos laguna)hincapie (bayerleverkusen)william pacho (royal antwerp)pervis estupinan (brighton & hove albion)diego palacios (lafc)xavier arreaga (seattle sounders)  jhegson mendez (sao paulo)moises caicedo (brighton & hove albion)alan franco (talleres de cordoba)mourinho cifuentes (lafc)angel mena (leon)junior sornoza (independiente del valle)alexander alvarado (liga de quito)gonzalo plata (valladolid)jeremy sarmiento (brighton & hove albion) ,hincapie,es,2023-03-20T04:16:50Z
"el bayerleverkusen, del ecuatoriano hincapie, gano - al bayern munich en la bundesliga",hincapie,es,2023-03-19T19:04:34Z
" asi, se conocio que el rival del bayerleverkusen, donde milita el ecuatoriano hincapie, sera el saint-gilloise belga, la gran revelacion, que esta haciendo historia esta campana",hincapie,es,2023-03-17T13:38:28Z
 hincapie - bayerleverkusen  william pacho - royal amberes ,hincapie,es,2023-03-17T05:00:00Z
"el elenco del ecuatoriano hincapie supero al ferencvaros de hungria, este de marzo del ",hincapie,es,2023-03-16T22:00:13Z
" en la convocatoria constan nombres como moises caicedo, mediocentro del brighton ingles; y hincapie, zaguero del bayerleverkusen, de alemania; y angelo preciado, lateral derecho del genk de belgica; tambien van pervis estupinan, lateral izquierdo del brighton ingles; y gonzalo plata, atacante del valladolid de espana",hincapie,es,2023-03-16T21:40:46Z
 angelo preciado (genk)mourinho hurtado (red bull bragantino)felix torres (santos laguna)hincapie (bayerleverkusen)william pacho (royal antwerp)pervis estupinan (brighton & hove albion)diego palacios (la fc)xavier arreaga (seattle sounders)\ub  carlos gruezo (san mourinho earthquakes)jhegson mendez (sao paulo)moises caicedo (brighton & hove albion)alan franco (talleres de cordoba)mourinho cifuentes (la fc)angel mena (leon)junior sornoza\xa(independiente del valle)alexander alvarado\xa(liga de quito)gonzalo plata (valladolid)jeremy sarmiento (brighton & hove albion)\ub ,hincapie,es,2023-03-16T21:29:35Z
" defensas: angelo preciado (genk, belgica), mourinho hurtado (red bull bragantino, brasil), felix torres (santos laguna, mexico), hincapie (bayerleverkusen, alemania), william pacho (antwerp, belgica), pervis estupinan (brighton, inglaterra), diego palacios (los angeles fc, eeuu) y xavier arreaga (seattle sounders, eeuu)",hincapie,es,2023-03-16T21:20:37Z
" en la lista de sanchez resaltan tambien otros cracks ecuatorianos que se destacan en equipos de europa como hincapie, pervis estupinan y otros",hincapie,es,2023-03-16T20:19:38Z
"el fenerbahce de enner valencia y el bayerleverkusen de hincapie jugaran los partidos de octavos de final de la uefa europaleague, este jueves de marzo de ",hincapie,es,2023-03-16T17:06:27Z
" tal es el caso del volante de contencion moises caicedo (brighton), el zaguero hincapie (bayerleverkusen) y el atacante gonzalo plata (valladolid)",hincapie,es,2023-03-13T18:50:57Z
el ecuatoriano\xapiero hincapie\xajugo los minutos el apretado triunfo del bayerleverkusen ante el werder bremen,hincapie,es,2023-03-12T18:51:09Z
"el partido de ida de los ocatvos de final de la uefa europaleague fue fructifero para el\xabayer bayerleverkusen y hincapie, tras la victoria de - ante el ferencvaros de hungria",hincapie,es,2023-03-09T20:02:02Z
enner valencia y hincapie\xajugaran los dieciseisavos de final de la uefa europaleague,hincapie,es,2023-03-09T15:00:45Z
se destacan gonzalo plata y hincapie\xaque tendran actividad con sus respectivos equipos,hincapie,es,2023-03-03T16:14:56Z
"hincapie estuvo inactivo este fin de semana con su equipo el bayerleverkusen, que empato - en su visita al friburgo",hincapie,es,2023-02-26T17:11:43Z
" en los ultimos cinco anos independiente del valle ha exportado grandes futbolistas, algunos de ellos ya estan destacando en las\xamejores ligas de europa\xay otros recien empiezan a labrar su camino en el viejo continente.moises caicedo y hincapie, son dos futbolistas surgidos en idv, que no superan los anos y ya son figuras en sus respectivos equipos.el 'nino moi' es un referente en el mediocampo del brighton, equipo sensacion de la premier league, y el reciente mercado de invierno, el arsenal estuvo dispuesto a pagar\xausd millones\xapor hacerse con sus servicios.mientras que, hincapie es uno de los pilares defensivos en el bayerleverkusen",hincapie,es,2023-02-26T16:07:03Z
?que ocurrio?  quien si jugara este fin de semana es el\xabayer bayerleverkusen de hincapie.el domingo de febrero visitara al friburgo con la obligacion de sacar un resultado positivo que les permita recuperar terreno en la tabla de posiciones de la bundesliga,hincapie,es,2023-02-24T20:23:05Z
los seleccionados ecuatorianos enner valencia y hincapie ya conocen los clubes que enfrentaran en la europaleague,hincapie,es,2023-02-24T14:10:35Z
el ecuatoriano hincapie sigue brillando en el mejor futbol del mundo,hincapie,es,2023-02-23T22:04:18Z
"el ecuatoriano hincapie fue titular en la visita del bayerleverkusen al monaco, en la europaleague, este de febrero del ",hincapie,es,2023-02-23T20:55:47Z
"y la tempera sobre tabla la giganta, , de formato monumental, dedicada a demeter y con clara reminiscencia en hincapie della francesca, cuya intuicion sera confirmada poco despues por la diosa blanca, , de andrich graves que, tras anos de investigacion, afirmo la existencia de un matriarcado universal anterior al borrado patriarcal",hincapie,es,2023-02-18T01:10:45Z
el ecuatoriano hincapie fue titular en el partido,hincapie,es,2023-02-16T22:09:36Z
,hincapie,es,2023-02-14T23:40:33Z
"varios de los jugadores, como hincapie, moises caicedo y gonzalo plata, se convirtieron en figuras de la tri con el estratega",hincapie,es,2023-02-14T15:58:38Z
"el que mas se temia, el posible traspaso del ecuatoriano hincapie del bayerleverkusen al chelsea, no paso de ser un rumor",hincapie,es,2023-02-03T10:58:00Z
" en la seleccion absoluta que participo en el mundial de qatar , salieron de la cantera independentista el portero moises ramirez, los defensas jackson porozo, william pacho, angelo preciado y hincapie, los centrocampistas moises caicedo, alan franco y jhegson mendez, y el extremo gonzalo plata",hincapie,es,2023-02-02T21:53:12Z
 familiar de hincapie fue secuestrado en esmeraldas  una mujer embarazada figura entre los asesinados en balacera en montanita ,hincapie,es,2023-05-28T05:51:35Z
"el bayerleverkusen y el\xaecuatoriano hincapie culminaron una destacada campana en la bundesliga con una clasificacion a la uefa conference league para la siguiente temporada, un premio que a primera vista sabe a poco por la calidad del plantel con el que cuentan",hincapie,es,2023-05-27T18:09:41Z
"el jugador ecuatoriano hincapie no es parte del equipo del bayerleverkusen que visita al bochum este de mayo del , en la ultima jornada de la bundesliga",hincapie,es,2023-05-27T14:44:54Z
un primo del futbolista ecuatoriano hincapie fue secuestrado en esmeraldas,hincapie,es,2023-05-26T22:59:28Z
" entre los cientos de comentarios tambien se vieron los mensajes de otras figuras ecuatorianas del balompie como hincapie, junior sornoza, beder caicedo..",hincapie,es,2023-05-24T21:50:31Z
hincapie dio una asistencia y luego salio expulsado,hincapie,es,2023-05-21T21:25:07Z
"la roma acabo con el sueno del ecuatoriano hincapie, que queria ganar la uefa europaleague con su equipo, el bayerleverkusen",hincapie,es,2023-05-20T14:40:16Z
"en la ida en paises bajos perdio - y en la vuelta gano - por lo que el partido se fue al alargue y la roma lo termino ganado -.finalmente, en semifinales elimino al\xabayer bayerleverkusen\xadel ecuatoriano\xapiero hincapie, en una llave que sufrio mucho, ya que el conjunto rival fu superior en toda la eliminatoria",hincapie,es,2023-05-18T22:36:21Z
"la ventaja de esta serie era para la roma que en la ida vencio - al bayerleverkusen con un tanto del italiano edoardo bove, quien hizo explotar al estadio olimpico que se lleno para vivir una nueva semifinal de europa.en el bayerleverkusen estuvo\xael defensa ecuatoriano hincapie, tambien titular en la semifinal de ida y en la ultima fecha de la bundesliga.\ub  el bayerleverkusen no pudo derrotar a la roma de local y empato - en la semifinal de vuelta de la uefa europaleague, quedando eliminado",hincapie,es,2023-05-18T14:55:02Z
" el bayerleverkusen, del defensa ecuatoriano hincapie, llega al partido de vuelta contra el roma tras ver interrumpida una larga racha de partidos sin perder",hincapie,es,2023-05-17T14:25:17Z
"auspiciado por  la programacion de la operadora incluira la definicion de la europaleague en donde participa el ecuatoriano hincapie, con el bayerleverkusen",hincapie,es,2023-05-15T03:42:57Z
"antes del minuto, el visitante ya habia llegado al arco romano generando peligro: rui patricio se quedo con el remate de andrich, que llego de frente para terminar una jugada generada por la izquierda por hincapie antes de enviar el centro atras",hincapie,es,2023-05-11T21:13:48Z
"el elenco aleman, del zaguero ecuatoriano hincapie, perdio por la minima diferencia",hincapie,es,2023-05-11T20:56:21Z
"esta vez, hincapie estara en esta instancia de la europaleague, con el bayerleverkusen",hincapie,es,2023-05-11T18:30:25Z
"inicio el y finalizara el de mayo.en el cronograma que compartio la federacion ecuatoriana de futbol, los jugadores que recibiran a felix sanchez son: gonzalo plata,\xamoises caicedo, pervis estupinan, jeremy sarmiento, enner valencia, hincapie, angelo preciado y william pacho",hincapie,es,2023-05-10T23:37:55Z
"ese es el defensa hincapie, que juega en el bayerleverkusen, de alemania",hincapie,es,2023-05-09T00:58:48Z
